distance_nm,ideal_altitude_m,actual_altitude_m,gs_deviation_dots,loc_deviation_dots
10.0,970.5920723219232,971.2354935993881,0.005687267061896498,0.02929546399292432
9.97995991983968,968.6469980286929,968.809851234052,0.0014423668005437594,0.16449319232211176
9.959919839679358,966.7019237354625,967.5208597341216,0.0072677892083993995,-0.3439739157052992
9.939879759519037,964.7568494422322,966.3032754400599,0.013751694478169619,-0.06199233244421337
9.919839679358716,962.811775149002,962.979558556753,0.0014950391352158536,-0.25626062936498284
9.899799599198396,960.8667008557716,961.0614791094363,0.0017390908419609322,-0.24393529407624354
9.879759519038075,958.9216265625413,960.5939347714009,0.014961603856899073,-0.2719016665770917
9.859719438877756,956.9765522693111,958.0261473258299,0.00940947565785266,-0.32478927018923964
9.839679358717435,955.0314779760809,955.1181050392556,0.0007781814040483145,-0.2000306134468595
9.819639278557114,953.0864036828505,954.0090584244817,0.008305234268354823,-0.3440378494180849
9.799599198396795,951.1413293896202,951.2854338220252,0.0012998020851903776,-0.19087970399110174
9.779559118236474,949.1962550963898,949.3645644720126,0.0015212382479353114,-0.2510014170673452
9.759519038076153,947.2511808031595,948.0115121305761,0.006886248216097849,-0.2912881180900262
9.739478957915832,945.3061065099292,944.3679169879813,-0.008514576627659502,-0.40352157482553364
9.719438877755511,943.3610322166988,942.5990017792875,-0.006930097251366652,-0.36580291602748627
9.69939879759519,941.4159579234686,941.6092881042302,0.0017618261212621364,-0.17783597863294281
9.67935871743487,939.4708836302382,939.3288138372154,-0.0012973685513976902,-0.2278199707893525
9.659318637274549,937.5258093370079,938.4702071080211,0.008642047806485642,-0.4613573544804827
9.63927855711423,935.5807350437777,935.5718818508946,-8.118272019335104e-05,-0.3115425723118962
9.619238476953909,933.6356607505475,933.247702920994,-0.0035649384246361836,-0.22540273803256178
9.599198396793588,931.6905864573172,933.6290541949041,0.017849736657081824,-0.6001382393203013
9.579158316633267,929.7455121640868,930.3546396775795,0.005620682700533947,-0.27978653318582564
9.559118236472946,927.8004378708565,928.6677368647893,0.00801972013377026,-0.4721919453197079
9.539078156312625,925.8553635776261,925.5520892780269,-0.0028102011358938548,-0.2986593438984664
9.519038076152304,923.9102892843958,924.3342671106848,0.003936935354236608,-0.5101299711158434
9.498997995991983,921.9652149911656,922.9361008563847,0.009034384832565565,-0.6777048133821539
9.478957915831662,920.0201406979352,920.0038536435703,-0.00015187635113749227,-0.6623729775451083
9.458917835671341,918.0750664047049,919.3021811678371,0.011467055954613663,-0.4222339716399218
9.43887775551102,916.1299921114745,916.5977669830784,0.004380510547754727,-0.401627713414922
9.4188376753507,914.1849178182442,914.9212515685437,0.006910120145008695,-0.58730552585099
9.39879759519038,912.239843525014,912.7492359932327,0.004790583627128225,-0.3668719805001235
9.378757515030061,910.2947692317838,912.7880773712822,0.023498430232005436,-0.7228208657284859
9.35871743486974,908.3496949385534,909.3707622727975,0.009643756836735833,-0.4943643499549452
9.33867735470942,906.4046206453231,906.6103412087673,0.0019471550607846081,-0.6768901885420493
9.318637274549099,904.4595463520928,906.189133555927,0.01640583199980795,-0.6037227571177326
9.298597194388778,902.5144720588625,902.6286413848197,0.0010852760168189866,-0.5094696874699082
9.278557114228457,900.5693977656322,901.8462502199302,0.012163777680671633,-0.6561945777819356
9.258517034068136,898.6243234724018,898.1848841302213,-0.004195325962112058,-0.5952883119000599
9.238476953907815,896.6792491791715,896.7631437391633,0.0008026784890963881,-0.39705118581387977
9.218436873747494,894.7341748859412,896.0558591305761,0.01267297652972037,-0.6448351440021312
9.198396793587174,892.7891005927108,894.5614200711484,0.017030918643061374,-0.44316835521796466
9.178356713426853,890.8440262994806,892.1796112241309,0.01286218582230144,-0.7481119964640184
9.158316633266534,888.8989520062504,890.0214550572432,0.010833781674832985,-0.5092305746235904
9.138276553106213,886.9538777130201,887.9441294099158,0.009578323522501899,-0.3824210406444576
9.118236472945892,885.0088034197897,885.0728095079755,0.0006204669285746403,-0.9792665169500148
9.098196392785571,883.0637291265595,883.749937115465,0.0066666655206542155,-0.7378245045866314
9.07815631262525,881.1186548333291,882.0270522405829,0.008844767745473192,-0.5414051423174393
9.05811623246493,879.1735805400988,881.3105721016444,0.02085321984145503,-0.6680024043516947
9.038076152304608,877.2285062468685,878.8086353500988,0.015453426095492072,-0.5913557742511142
9.01803607214429,875.2834319536381,875.1917255258155,-0.0008988681921627689,-0.7470084646091875
8.997995991983968,873.3383576604078,874.9293876453778,0.015629344820248053,-0.6527047862880582
8.977955911823647,871.3932833671774,872.4295588639638,0.010202484989299968,-0.6982255232918209
8.957915831663327,869.4482090739472,870.2631283736721,0.00804110678393623,-0.5087840229729178
8.937875751503006,867.5031347807169,869.360581185715,0.018369197433299112,-0.6547609213368906
8.917835671342687,865.5580604874867,867.762142837241,0.021846232687081798,-0.6511503122297639
8.897795591182366,863.6129861942565,865.7479954140184,0.021209260875392537,-0.7723315112258865
8.877755511022045,861.6679119010261,862.3967467490684,0.0072566161767871765,-0.7923414051399913
8.857715430861724,859.7228376077958,860.8854181447133,0.011601376681160626,-0.7926246314205176
8.837675350701403,857.7777633145654,859.461980542517,0.01684489333487217,-0.6770021329946014
8.817635270541082,855.8326890213351,858.0410989379642,0.022137866361386444,-0.8076340068987115
8.797595190380761,853.8876147281047,854.9405247526454,0.010578777664035404,-0.7092225431655584
8.77755511022044,851.9425404348744,853.2380436862717,0.013045872990488434,-0.44946588994607645
8.75751503006012,849.9974661416442,850.56371235166,0.0057152156294833665,-0.6380781056392018
8.737474949899799,848.0523918484138,848.5535247252334,0.0050696170600631986,-0.8255034858286605
8.71743486973948,846.1073175551836,848.2217182703072,0.021439111815849156,-0.6041521540444758
8.697394789579159,844.1622432619532,846.7173929541954,0.02596781257503633,-0.8531597924727983
8.677354709418838,842.217168968723,843.6349898945158,0.01444249529758566,-1.1051602033729548
8.657314629258517,840.2720946754927,842.5551132968038,0.02330958042708437,-0.9580251519289076
8.637274549098198,838.3270203822624,840.1007750712405,0.018152023104907326,-1.0946781931769167
8.617234468937877,836.3819460890321,837.3540385414888,0.009971210046579488,-0.8739090357150794
8.597194388777556,834.4368717958017,836.2174064560927,0.018306355390107443,-0.8254161825565075
8.577154308617235,832.4917975025714,835.2163612716706,0.028077727668424108,-0.5835835162815997
8.557114228456914,830.546723209341,832.0143987189301,0.015160409131645748,-0.792752376629263
8.537074148296593,828.6016489161108,831.3513867332857,0.028470194672110028,-0.8812700955508028
8.517034068136272,826.6565746228805,826.0599721296998,-0.006191628393749318,-0.7304778643520048
8.496993987975952,824.7115003296501,826.8688703635918,0.022442308846757932,-1.1929118426183631
8.47695390781563,822.76642603642,824.336049679225,0.016366805209378527,-0.8321203944243969
8.456913827655312,820.8213517431896,822.0817532787198,0.013173622732913452,-0.7579210659391759
8.43687374749499,818.8762774499593,820.4483985150588,0.016470722126532323,-1.1012933519706203
8.41683366733467,816.9312031567289,816.8384494053564,-0.0009740717369854115,-0.7137622705580288
8.396793587174349,814.9861288634987,816.3057660643524,0.013891504253211544,-0.8402353789602004
8.376753507014028,813.0410545702683,814.8196777272561,0.01876793150924123,-0.9588511213185991
8.356713426853707,811.095980277038,813.7682728998889,0.028265502265075227,-0.8070515304356598
8.336673346693386,809.1509059838078,810.2227983999692,0.011364926120894623,-0.5666377116344549
8.316633266533065,807.2058316905774,808.0415647137124,0.008882356824563875,-0.8850956788295613
8.296593186372744,805.2607573973471,806.3373884643203,0.011470314233347809,-0.8801368670019901
8.276553106212424,803.3156831041167,805.5210413248077,0.02355254490464499,-0.9911280244297533
8.256513026052103,801.3706088108864,803.101138799973,0.01852638406453419,-1.05441333326927
8.236472945891784,799.4255345176562,800.4632426774898,0.011136331727485661,-0.8069572262264953
8.216432865731463,797.4804602244259,799.3460744324515,0.020069970453808074,-1.0643485263821728
8.196392785571142,795.5353859311956,797.0610311319444,0.01645276855736592,-0.9294861258710212
8.176352705410821,793.5903116379652,795.8056950688299,0.02394955726796582,-1.0160108867620041
8.156312625250502,791.645237344735,792.5160505507613,0.009437117157175108,-0.876511969702617
8.136272545090181,789.7001630515047,790.8619839824672,0.01262181795467144,-0.9021611554226954
8.11623246492986,787.7550887582744,788.8563575043095,0.011993530398348,-0.8002852715864206
8.09619238476954,785.810014465044,786.0446751461848,0.0025619326655132893,-1.0359782122500891
8.076152304609218,783.8649401718137,785.4973424204293,0.0178661463628353,-1.0033696343208756
8.056112224448897,781.9198658785834,783.5137689588892,0.017488179656122867,-1.1129682231032443
8.036072144288577,779.974791585353,781.3530170946575,0.01515949243355817,-1.0359150568111295
8.016032064128257,778.0297172921229,779.2047850184648,0.012957214738520243,-0.915645049143759
7.995991983967936,776.0846429988925,776.303217259708,0.0024162110823146067,-0.8615120847280368
7.975951903807616,774.1395687056622,775.141591542017,0.011104609643393229,-1.116056197160027
7.955911823647295,772.1944944124318,773.2460691991087,0.011683108423641075,-0.849811890210936
7.935871743486974,770.2494201192015,770.9200954795225,0.0074700913825648555,-0.7792784515875932
7.915831663326654,768.3043458259714,769.4741132410638,0.013062044927560522,-0.9228298566594545
7.895791583166333,766.359271532741,767.9671597623675,0.01799982917391491,-0.7053959516293015
7.875751503006012,764.4141972395107,767.193202687535,0.031189297799501362,-1.104902887535337
7.855711422845691,762.4691229462803,763.8638137540585,0.015692806539438876,-1.1773005563793006
7.83567134268537,760.52404865305,761.9696571762229,0.016307323699838835,-1.2590266199189277
7.8156312625250495,758.5789743598198,759.7430986373812,0.013165685869751979,-0.7692763086845449
7.795591182364729,756.6339000665894,756.3062555214645,-0.003715027987069665,-0.8968403967813907
7.775551102204408,754.6888257733591,755.8582627503827,0.013293944018217157,-1.0044929518538628
7.755511022044089,752.7437514801288,753.9654493682019,0.01392392282194961,-0.9551675018696272
7.735470941883768,750.7986771868985,753.9252461325423,0.03572641630750648,-1.1668410819256527
7.715430861723447,748.8536028936682,749.8377528453182,0.011274811642327888,-0.6318571104679267
7.695390781563127,746.908528600438,748.2694767744465,0.01563216434191693,-0.9798860587910609
7.675350701402806,744.9634543072076,746.0366811886129,0.012359517516460717,-0.9832564075961906
7.655310621242485,743.0183800139773,743.1653407427306,0.0016968626220692708,-0.8910440252568596
7.635270541082164,741.073305720747,743.0500014323874,0.022883560265850544,-0.9278479902399442
7.615230460921843,739.1282314275167,740.7723837575156,0.01908390319714872,-0.9663540777924247
7.595190380761522,737.1831571342864,738.8383980113609,0.019263302395730507,-1.1182921160552286
7.575150300601202,735.238082841056,735.5124455367813,0.0032014152603524653,-0.9286319533604674
7.5551102204408815,733.2930085478257,735.3962289947879,0.024606633133887452,-0.716526840976059
7.535070140280561,731.3479342545954,731.1862129325622,-0.0018970911030534933,-0.7963429462093147
7.515030060120241,729.4028599613652,730.8105491950594,0.016557099954601813,-0.7583506292323405
7.49498997995992,727.4577856681349,730.1264746812968,0.03147278063706869,-1.0730310038217514
7.474949899799599,725.5127113749045,725.6144122387745,0.0012026093039207572,-1.143656913542185
7.454909819639279,723.5676370816743,723.9862263338811,0.0049631097910163595,-1.012799449005254
7.434869739478958,721.6225627884439,722.5511086776518,0.011039215497761792,-0.9841357736097696
7.414829659318637,719.6774884952137,720.1004378318808,0.0050419133006436865,-0.8267769810384266
7.394789579158317,717.7324142019833,717.2942340343803,-0.005237633434842486,-1.243034943681321
7.374749498997996,715.787339908753,716.6208852884159,0.00999056797773437,-0.757840850156097
7.354709418837675,713.8422656155227,713.7471939181609,-0.0011425992448399068,-1.008931629696669
7.3346693386773545,711.8971913222923,713.006652903746,0.013370262439405674,-1.047068862893721
7.314629258517034,709.952117029062,709.9227300592679,-0.0003551163689588339,-1.1325081625914741
7.294589178356713,708.0070427358316,709.9284642898358,0.023282522098646917,-1.2264267161710014
7.274549098196393,706.0619684426015,706.0919267810357,0.0003640154751136144,-0.8520786238241578
7.254509018036072,704.1168941493711,704.4906667599146,0.004554153373428166,-0.9617632039704496
7.234468937875751,702.1718198561408,703.4286988704731,0.01535659824111028,-1.1633128407590463
7.214428857715432,700.2267455629105,699.8225540645592,-0.0049521458042251845,-1.1609898977776711
7.194388777555111,698.2816712696803,699.0183739875243,0.009051208573542451,-1.0138572054723731
7.17434869739479,696.33659697645,697.9110897388188,0.019398421480507844,-0.7097502285009559
7.154308617234469,694.3915226832196,693.6081763549055,-0.009678194490504383,-0.9955091730525192
7.134268537074148,692.4464483899893,693.0704843490481,0.007731582016542618,-1.1783625234304291
7.114228456913827,690.5013740967589,691.159133790295,0.008172363083680061,-0.9859273103814229
7.0941883767535066,688.5562998035286,689.6049812349819,0.01306619289875963,-0.9860039021783014
7.074148296593186,686.6112255102984,686.0181120118393,-0.007410915339225602,-1.3455132324286794
7.054108216432865,684.666151217068,683.9793204138883,-0.00860628750302701,-0.9448653183801011
7.034068136272545,682.7210769238378,683.4811248290215,0.0095508626417259,-0.9669587553541842
7.014028056112225,680.7760026306074,681.3289272469902,0.006967975744783544,-0.8233424173305499
6.993987975951904,678.8309283373771,679.3193931322193,0.006173288741543293,-0.6457427584922903
6.973947895791584,676.8858540441469,677.4237175640942,0.006817130300389889,-0.749272940810322
6.953907815631263,674.9407797509166,674.6300095883154,-0.003950195496356334,-0.9536219821585813
6.933867735470942,672.9957054576863,673.3872223713427,0.00499094953907383,-1.0741587695510655
6.913827655310621,671.0506311644559,671.4631966013287,0.0052745145644480275,-0.5169281206485914
6.8937875751503,669.1055568712256,668.6845153648648,-0.005398526250810951,-0.8886633403355891
6.8737474949899795,667.1604825779953,668.7758221799179,0.020772007450010708,-0.8899333566820942
6.853707414829659,665.215408284765,665.6894327200076,0.00611340788413571,-0.8899816346448791
6.833667334669338,663.2703339915347,662.3844546983436,-0.011458530386431211,-0.8508546208940605
6.813627254509017,661.3252596983043,661.8898483676437,0.007324230278574456,-0.8962910895560402
6.793587174348698,659.3801854050741,658.6119545802059,-0.00999541384451173,-0.9546221585175041
6.773547094188377,657.4351111118438,658.0484580699344,0.008003837537952122,-0.9444045934695298
6.753507014028056,655.4900368186135,656.3727629408487,0.011553267451806893,-0.8609596511596962
6.733466933867736,653.5449625253832,652.8164519171254,-0.00956324654118973,-0.931100266853351
6.713426853707415,651.5998882321529,652.2708347509043,0.008833887132433525,-0.9499232800716078
6.693386773547094,649.6548139389225,649.8575290158415,0.00267699976458495,-0.8203127195532687
6.673346693386773,647.7097396456923,648.2121667378668,0.006654839189217883,-0.8676766852735491
6.6533066132264524,645.764665352462,647.0992207829624,0.017729940674364182,-0.596857059197972
6.633266533066132,643.8195910592316,643.4128066665816,-0.005420570999346528,-1.2130015068248838
6.613226452905812,641.8745167660013,641.0335314685202,-0.01124043743707576,-0.6444052457631504
6.593186372745491,639.9294424727709,638.952394052549,-0.013098722397964469,-0.6138700483160242
6.57314629258517,637.9843681795406,637.0389339694624,-0.01271353194340226,-1.1043203560229977
6.55310621242485,636.0392938863104,635.657578253876,-0.00514873977684855,-0.8371225380130256
6.533066132264529,634.0942195930801,634.0199688311463,-0.0010045974323339658,-0.8337228523264949
6.513026052104208,632.1491452998498,631.9963070717322,-0.0020742322506974446,-0.9813017263716586
6.492985971943888,630.2040710066195,630.4647370675693,0.003548527933197789,-0.8788978498981556
6.472945891783567,628.2589967133893,627.8415661326483,-0.0057002051874634205,-0.9207454397223579
6.452905811623246,626.3139224201589,627.0223133584852,0.009703443349090408,-0.48313678862261766
6.432865731462926,624.3688481269286,623.6762385959325,-0.009516827127754406,-0.5973297166973438
6.412825651302605,622.4237738336982,624.0927429571624,0.023004196736756154,-0.5385394299361289
6.3927855711422845,620.4786995404679,620.4459597095054,-0.000452683326951329,-0.6125014880395432
6.372745490981964,618.5336252472376,617.2887016298879,-0.017267296057408416,-0.8814793557795364
6.352705410821643,616.5885509540072,615.1469080836775,-0.020058902877287003,-0.782059932408231
6.332665330661322,614.643476660777,614.4189958455478,-0.003133292199863406,-0.6211283581789344
6.312625250501002,612.6984023675467,611.883853731822,-0.011405523301808853,-0.8689000652066617
6.292585170340681,610.7533280743164,610.6636493365803,-0.0012597042308415823,-0.5695725528239444
6.27254509018036,608.808253781086,608.5010916002849,-0.004328447497922952,-0.703409008931153
6.252505010020041,606.8631794878559,606.0945270731481,-0.010866361554024137,-0.714319062838738
6.23246492985972,604.9181051946255,603.5058885587094,-0.020028558046562013,-0.5420869675088232
6.212424849699399,602.9730309013952,601.0022321102255,-0.02804073174355692,-0.5726271988920242
6.192384769539078,601.0279566081649,599.8879456245942,-0.016272688292054357,-0.6838495137102956
6.1723446893787575,599.0828823149345,598.9615938799949,-0.0017369104373276712,-0.44614663538094657
6.152304609218437,597.1378080217042,596.4793447898685,-0.009460234527249109,-0.7724522241284483
6.132264529058116,595.1927337284739,593.3433594474626,-0.02665705306253925,-0.508055597857631
6.112224448897795,593.2476594352436,592.5106695485299,-0.010657870482669111,-0.5015420659715903
6.092184368737475,591.3025851420133,590.7128545451817,-0.008556355619361442,-0.6269101593021343
6.072144288577154,589.357510848783,587.7302997528825,-0.023686997696655963,-0.521440336723542
6.052104208416834,587.4124365555527,586.5934676982174,-0.011961046909693884,-0.7478221296324075
6.032064128256514,585.4673622623225,584.5504808661764,-0.013435548918402148,-0.41126011177181077
6.012024048096193,583.5222879690922,581.623295700925,-0.02791969637578847,-0.5672243999857726
5.991983967935872,581.5772136758618,580.8579989342724,-0.010609529908458514,-0.6074398787568223
5.971943887775551,579.6321393826315,579.0548400053933,-0.008544636150259957,-0.3611414197982823
5.95190380761523,577.6870650894012,577.5074500018832,-0.0026674427933862715,-0.6135263800194938
5.9318637274549095,575.7419907961709,575.5192074883374,-0.003319706480020707,-0.7084483135058044
5.911823647294589,573.7969165029406,571.609554215573,-0.03270449544991684,-0.719901694518069
5.891783567134268,571.8518422097102,569.9973272462511,-0.02782221873947041,-0.38465958067301653
5.871743486973947,569.9067679164799,569.1958933176753,-0.010701240514304796,-0.6567064465977197
5.851703406813628,567.9616936232496,567.2315583693651,-0.01102882425544057,-0.19043277339260184
5.831663326653307,566.0166193300194,565.2696252297743,-0.011322255006089606,-0.7548817374977782
5.811623246492986,564.0715450367891,565.9772288657592,0.028984218839770825,-0.17699655802053532
5.791583166332666,562.1264707435588,561.3896178103128,-0.011245835414676308,-0.38861904448959456
5.771543086172345,560.1813964503285,559.879630654536,-0.004621535292007975,-0.4235209601536256
5.751503006012024,558.2363221570981,557.7730690404886,-0.007119429640267013,-0.4794315856791801
5.731462925851703,556.2912478638679,555.5700924557601,-0.011121710365997144,-0.3264421678368906
5.7114228456913825,554.3461735706375,552.8363036673579,-0.023367024696048268,-0.3805175276134635
5.691382765531062,552.4010992774072,551.7356671294575,-0.010334612271820153,-0.19787940306562493
5.671342685370741,550.4560249841769,548.5506425022339,-0.029696446319555654,-0.3346872867567572
5.651302605210421,548.5109506909465,547.0203019383434,-0.023314975422131505,-0.3176690723173757
5.6312625250501,546.5658763977162,544.862768210048,-0.026732813354368935,-0.3830970011061576
5.61122244488978,544.620802104486,543.3583133504363,-0.01988741040731982,-0.32538756025994625
5.591182364729459,542.6757278112557,543.1867531843457,0.008078802849522941,-0.25891750561558485
5.571142284569138,540.7306535180253,537.8838881484245,-0.045166415710299064,-0.5498083904668833
5.551102204408817,538.785579224795,537.9698483246664,-0.012989005301206056,-0.4836614185725705
5.531062124248496,536.8405049315647,534.1742773021925,-0.04260856341302179,-0.15805139147883518
5.511022044088176,534.8954306383345,533.1309881868966,-0.028299812202746064,-0.2319773369860311
5.490981963927855,532.9503563451042,532.4242554246159,-0.008468904745242601,-0.27323137355259713
5.470941883767535,531.0052820518738,529.6495613860252,-0.02190364128843774,-0.23085790931414735
5.4509018036072145,529.0602077586435,526.7814685316793,-0.03695170428805518,-0.1694391136858396
5.430861723446894,527.1151334654131,525.1174361659678,-0.0325139056341605,-0.290459779529029
5.410821643286573,525.1700591721828,524.279862976493,-0.014542220287120806,-0.3141289309866929
5.390781563126253,523.2249848789526,521.1988908800612,-0.033221256891206405,-0.15586361913867222
5.370741482965932,521.2799105857223,520.003846958784,-0.021001305132182613,-0.31982515826143565
5.350701402805611,519.334836292492,517.9151325128212,-0.023452828430444182,-0.09963367426148517
5.33066132264529,517.3897619992616,515.4058911553398,-0.03289580416092492,-0.4040368528861827
5.310621242484969,515.4446877060313,515.6913267501346,0.004105109101779826,0.01796905946706201
5.290581162324648,513.499613412801,512.5328124350428,-0.016152580100250922,-0.053248760999584324
5.270541082164329,511.5545391195708,508.45557644604287,-0.05197198998267086,-0.07344902108691337
5.250501002004008,509.60946482634046,508.2753765166513,-0.022459083848365997,0.047852187640615745
5.2304609218436875,507.6643905331101,505.64781721003067,-0.034078640383247746,0.16258696433404418
5.210420841683367,505.7193162398798,504.9107384746049,-0.013716938643073691,0.07725191621226439
5.190380761523046,503.7742419466495,501.64683391287963,-0.03622928641940143,-0.3386926554637615
5.170340681362725,501.8291676534192,500.24163430651925,-0.027140128523399937,-0.2421464179683996
5.150300601202405,499.88409336018896,498.7905013083386,-0.018768560779726357,-0.13157332719437814
5.130260521042084,497.9390190669586,497.1327193681637,-0.013892016214552685,-0.021571757571943
5.110220440881763,495.9939447737283,493.5339979723007,-0.04254948265894523,0.06453246394146817
5.090180360721443,494.04887048049795,492.28127042932454,-0.030694392206032015,-0.10960692766624966
5.070140280561122,492.1037961872676,490.22406802370705,-0.032770515754728204,0.039640806490557956
5.050100200400801,490.15872189403734,488.1370301975821,-0.035385320688062,-0.08931227984712838
5.030060120240481,488.21364760080706,488.1282424871728,-0.0015007864593056491,-0.05536681471098352
5.01002004008016,486.2685733075768,485.0965657415032,-0.020677553633046453,-0.16227817807993258
4.98997995991984,484.32349901434645,481.82108964210283,-0.04432694084103348,-0.07741132649807855
4.969939879759519,482.3784247211161,481.62181716227445,-0.013456364551019758,-0.12933570376540665
4.949899799599198,480.4333504278858,480.64349676157184,0.0037526115724492606,-0.060631910667771446
4.929859719438877,478.48827613465545,477.83050046926024,-0.01179373716247625,0.25611431309089483
4.909819639278557,476.54320184142523,473.8482996832961,-0.048516075934936294,-0.03203783270066177
4.889779559118237,474.5981275481949,472.7361852362995,-0.03365775495034148,0.5175163749592543
4.869739478957916,472.6530532549646,472.197386025249,-0.008270852430831352,0.20892504202736628
4.849699398797595,470.7079789617343,468.67851207211163,-0.03698923535119349,0.17490041650328433
4.829659318637274,468.76290466850395,467.6609976336367,-0.020166784729535644,0.030646446868658084
4.809619238476954,466.81783037527373,465.987445495065,-0.015260787339042525,0.27664731559514016
4.789579158316633,464.8727560820434,462.68848938506295,-0.04031034476364813,0.09742961605926642
4.7695390781563125,462.92768178881306,461.4452057984417,-0.0274738460696698,0.21422309172771364
4.749498997995992,460.9826074955828,456.9630986342427,-0.07480547650721248,0.5920506440384845
4.729458917835671,459.03753320235245,456.8003800392108,-0.041811183878295514,0.20571348193376232
4.70941883767535,457.0924589091221,455.4821014518935,-0.03022478190421347,0.404564279725538
4.689378757515031,455.1473846158919,452.7506802065857,-0.04517595756104327,0.13871209682505736
4.66933867735471,453.20231032266156,453.1200681495434,-0.0015568522748958778,0.2509181938152592
4.649298597194389,451.2572360294312,448.73573638419896,-0.047937974029664744,0.5337252632991145
4.629258517034068,449.3121617362009,447.59399858953475,-0.032806595879729256,0.1859577764017506
4.609218436873747,447.3670874429706,446.1172817680954,-0.023967536949233995,0.5637249315019073
4.589178356713426,445.4220131497403,445.2328294608394,-0.003643820346063079,0.40983058209250417
4.569138276553106,443.47693885651006,440.998704828199,-0.047942007798259675,0.23106144306080417
4.5490981963927855,441.5318645632797,441.1459671077879,-0.007498161789442207,0.4220080112457541
4.529058116232465,439.5867902700494,438.2921174326368,-0.02526738784268686,0.4846953390071555
4.509018036072145,437.64171597681906,435.56766758894236,-0.040657916115910755,0.44369713192937044
4.488977955911824,435.6966416835887,434.7919446362244,-0.017814100736978363,0.12645176306589892
4.468937875751503,433.75156739035845,432.65133580141793,-0.021761458338736512,0.26441932631700965
4.448897795591183,431.8064930971282,430.08217444141053,-0.03425889112098243,0.3478093764366829
4.428857715430862,429.8614188038979,428.6888779389108,-0.02340154134130026,0.3851605119179893
4.408817635270541,427.91634451066756,426.39589672285086,-0.030482991117149166,0.5007540378784884
4.38877755511022,425.9712702174372,424.8664902339769,-0.02225053365318482,0.4455736790960797
4.368737474949899,424.0261959242069,423.37732136547226,-0.01312843632868618,0.2298180654540786
4.348697394789578,422.08112163097655,422.18877659834976,0.002188180225979316,0.4982847574701207
4.328657314629259,420.13604733774633,418.00245691854553,-0.04356784216306373,0.5439107681596258
4.308617234468938,418.19097304451606,418.772275905506,0.011925394365320698,0.547290072164862
4.2885771543086175,416.2458987512857,413.5777062981635,-0.05499359707753008,0.6363663011433358
4.268537074148297,414.3008244580554,413.0918568319878,-0.02503478218983725,0.6101926190736118
4.248496993987976,412.35575016482505,411.7582215448673,-0.012431730878572191,0.5647621662312163
4.228456913827655,410.4106758715947,409.587011981192,-0.01721774695587107,0.4960652609499167
4.208416833667335,408.4656015783645,406.9390706216987,-0.03206232930751679,0.26807340743645025
4.188376753507014,406.52052728513416,405.34609831428537,-0.024785016882895982,0.5922085500760218
4.168336673346693,404.5754529919039,403.19390833161737,-0.02929613599270406,0.5693864655592429
4.148296593186372,402.63037869867355,401.1928701680899,-0.030630129604365394,0.5893552568308069
4.128256513026051,400.6853044054432,400.4204291998039,-0.005671302802887934,0.3674072976926983
4.108216432865731,398.7402301122129,398.10307072390367,-0.013708911566586213,0.4069767132766775
4.088176352705411,396.79515581898266,395.34015923442524,-0.031458684343933285,0.7372366265706327
4.0681362725450905,394.85008152575233,394.69150553777104,-0.003445483204717389,0.5833702735198332
4.04809619238477,392.905007232522,392.2953064141335,-0.013312945613291719,0.7014783064297726
4.028056112224449,390.9599329392917,390.777692263512,-0.003999060818732822,0.6133588978739625
4.008016032064128,389.0148586460614,388.7093281003213,-0.0067380369684943865,0.6233392776583438
3.987975951903807,387.06978435283105,385.62093014132915,-0.032112961631227066,0.7692884240711226
3.9679358717434874,385.12471005960083,383.91475298778613,-0.026953397813840332,0.5607129415527902
3.9478957915831665,383.1796357663705,383.0397667089966,-0.0031315847619627266,0.6620139008391424
3.9278557114228456,381.23456147314016,381.00951607542464,-0.005064339521283703,0.5876315100862287
3.9078156312625247,379.2894871799099,378.58403226998246,-0.01595671169873619,0.6010748388014292
3.887775551102204,377.34441288667955,376.77438630385376,-0.012959914266064514,0.6290479545885764
3.8677354709418834,375.3993385934492,375.78265578027754,0.00876011348694236,0.7178149655592216
3.8476953907815634,373.454264300219,372.3674861990907,-0.024965967410501003,0.621648971448316
3.8276553106212425,371.50919000698866,371.3588519316139,-0.003471717416462092,0.8906849142953835
3.8076152304609217,369.5641157137583,368.8400531084366,-0.01680858934583387,0.5768831407090634
3.787575150300601,367.619041420528,366.9084891061488,-0.01658223262817647,0.6916874002161585
3.7675350701402803,365.6739671272977,366.04266710408245,0.0086501574047522,0.6622922461643526
3.7474949899799594,363.7288928340674,363.90516598802674,0.004157701612544534,0.9537208868002571
3.7274549098196395,361.78381854083716,361.9769945932136,0.004580881863896716,0.7744669720108653
3.7074148296593186,359.8387442476068,360.4520814941973,0.014622995963044484,0.9079559682112213
3.687374749498998,357.8936699543765,357.50616151930933,-0.00928906681482171,0.5384254891373776
3.6673346693386772,355.94859566114616,356.1167200479073,0.004052176679228248,0.8092808321385022
3.6472945891783564,354.0035213679158,353.4048734637301,-0.014508042786652093,0.9105139292799366
3.6272545090180355,352.05844707468555,351.99446982356403,-0.0015590345883851704,0.7971389956875622
3.607214428857716,350.11337278145527,349.7131835046966,-0.009806221337438838,0.952225427968064
3.587174348697395,348.168298488225,347.9771578821272,-0.004709867365158201,0.7222958014113354
3.567134268537074,346.22322419499466,346.4580424339162,0.00581862774676574,1.0186544592938582
3.5470941883767533,344.2781499017643,343.4097790662045,-0.02163917564405912,1.159326786322222
3.5270541082164324,342.333075608534,343.82077785404005,0.037283107234824135,0.7671813503618448
3.5070140280561115,340.38800131530365,339.4246306708009,-0.02428086247257718,0.7617710760416084
3.486973947895792,338.44292702207343,337.3407248283402,-0.027939637820000546,1.0534666291046357
3.466933867735471,336.49785272884316,337.3212406194509,0.020992643074738252,1.0791294158382738
3.44689378757515,334.5527784356128,335.1107937813461,0.01430956543118449,0.7703703287688931
3.4268537074148293,332.6077041423825,333.05949712049454,0.011653385559914789,0.7922471405551039
3.4068136272545084,330.66262984915215,331.1456316728702,0.012531659857700196,0.8193524023577258
3.386773547094188,328.7175555559218,328.7159186208602,-4.2722188870582946e-05,0.6661655767982144
3.366733466933868,326.7724812626916,326.09067050551175,-0.017900423937143545,0.736115599538833
3.346693386773547,324.82740696946126,324.9518632184802,0.00328707025036532,0.7292387622689678
3.3266533066132262,322.882332676231,322.4322137976491,-0.011959909391802345,0.7705020658901022
3.306613226452906,320.93725838300065,321.83673100184893,0.024044334017905667,0.8861452390267511
3.286573146292585,318.9921840897703,319.0216402499682,0.0007922113027188385,0.932020032847065
3.266533066132264,317.04710979654,316.56148868222306,-0.013140706218171719,1.134865479200113
3.246492985971944,315.10203550330976,315.04731786533017,-0.0014897763529248863,0.7578017860939394
3.226452905811623,313.15696121007943,313.7172421063785,0.015349304014490738,1.060328837789565
3.2064128256513027,311.2118869168491,311.0183085251316,-0.005336366436485784,0.885568051614144
3.186372745490982,309.2668126236188,308.8938144375174,-0.010347092815078182,0.915092273355436
3.166332665330661,307.3217383303885,307.8287450445293,0.014153549656808572,1.0284390149135687
3.14629258517034,305.37666403715815,305.9118655947174,0.015035797412422738,0.7633701388831109
3.1262525050100205,303.43158974392793,303.3923180445219,-0.0011103600962287876,0.9935596465505349
3.1062124248496996,301.4865154506976,301.5028960553965,0.0004661299207310876,0.9654424733961542
3.0861723446893787,299.54144115746726,300.1470853599582,0.017346249658874567,1.0184748498314238
3.066132264529058,297.5963668642369,296.88455201581627,-0.02052033098935898,0.9919704029259679
3.046092184368737,295.65129257100665,294.9984687406728,-0.018943540928889353,1.3207328911251754
3.026052104208416,293.7062182777763,293.6309417229717,-0.0021988294063690016,0.8604738658544314
3.0060120240480965,291.7611439845461,292.11602471957184,0.01043517926584591,0.880035977326116
2.9859719438877756,289.81606969131576,290.6164128273122,0.023691835335290054,0.8696182190001766
2.9659318637274548,287.8709953980854,289.6286861292992,0.05238289499282015,0.8830241068330795
2.945891783567134,285.9259211048551,287.21504440171975,0.03867994710603858,0.8738460833222143
2.925851703406813,283.9808468116248,284.4812737810882,0.015118078655831048,1.1507667350112905
2.9058116232464926,282.0357725183945,282.6741031545932,0.01941719247460928,1.1883011676432713
2.8857715430861726,280.09069822516426,279.96715909300457,-0.003783997173780311,0.8922756033895272
2.8657314629258517,278.1456239319339,278.83400489914885,0.021232521180975673,0.8555465629797645
2.845691382765531,276.2005496387036,276.6972791714044,0.015429092628489986,1.053474533868159
2.8256513026052104,274.25547534547326,275.2655210321052,0.031595894495684514,0.902140633654386
2.8056112224448895,272.3104010522429,272.42444261859686,0.0035928897208210384,1.0819750027383754
2.7855711422845686,270.36532675901265,271.5803186135167,0.03855381112211651,1.019383757416371
2.7655310621242486,268.42025246578237,270.4693712430617,0.06549328826937593,0.763342403351313
2.7454909819639277,266.4751781725521,267.23422732385836,0.024437573510803265,1.2244368900400073
2.7254509018036073,264.53010387932176,265.72036880485695,0.038602326261526966,1.2631479770070855
2.7054108216432864,262.5850295860914,264.0285793951786,0.04716357904128123,0.9031511429144382
2.6853707414829655,260.6399552928611,261.232645627534,0.019508855678336247,0.9380650377407673
2.6653306613226446,258.69488099963075,259.80973916655574,0.036972322102646435,1.0400984342501018
2.645290581162325,256.74980670640053,257.71706010320406,0.03232027755097428,1.048232873917867
2.625250501002004,254.80473241317023,255.86131845181285,0.03557478805884629,1.0975389725286397
2.6052104208416833,252.8596581199399,253.24062420222992,0.012925629667789065,1.30082812902014
2.5851703406813624,250.9145838267096,251.9541504840542,0.03554441579899615,0.973142538363378
2.5651302605210415,248.96950953347925,250.40810006352237,0.04957194700428486,0.8801742085368861
2.5450901803607207,247.02443524024895,249.24541720568953,0.07713474717690552,0.7931020463534202
2.525050100200401,245.0793609470187,246.92635482814742,0.06465522997999856,0.8902885100922842
2.50501002004008,243.1342866537884,245.95554822156643,0.09955018904014529,0.9947340168769998
2.4849699398797593,241.18921236055806,241.6928099435488,0.017913097971133458,1.268508784685818
2.4649298597194385,239.24413806732773,241.07784543142122,0.06575573960047477,0.9211525061247382
2.4448897795591176,237.29906377409742,238.59957231707529,0.047017780916127884,1.0316786242747356
2.424849699398797,235.35398948086709,238.27725351881506,0.1065593156944501,0.9948104670442395
2.404809619238477,233.40891518763686,233.95088161691515,0.019920484149194163,1.1745437298069088
2.3847695390781563,231.46384089440653,231.99744254040908,0.019777844065929747,1.374182958804744
2.3647294589178354,229.51876660117622,230.26099058649,0.027743530518648512,0.9142188286475073
2.344689378757515,227.5736923079459,227.1122520985025,-0.017395556362676583,0.9189871694363934
2.324649298597194,225.62861801471558,226.46120243367645,0.031657676675353276,1.1474292714888112
2.304609218436873,223.68354372148525,224.34450655113187,0.02535058267022721,1.0913392749378044
2.284569138276553,221.73846942825503,223.14169720211524,0.054291528650896904,1.2641606871449496
2.2645290581162323,219.7933951350247,221.3639146666364,0.06130185939218442,1.072691769041484
2.244488977955912,217.84832084179436,220.66012760043427,0.11073277843952177,0.9290059108153643
2.224448897795591,215.90324654856406,217.9877596358828,0.0828305216793862,1.0691446996016103
2.20440881763527,213.95817225533372,214.83367128900593,0.03510522292158476,1.1443486901874516
2.18436873747495,212.0130979621035,212.6437757123152,0.02552053421096455,1.0984624690527498
2.1643286573146296,210.06802366887317,211.8228913443855,0.07166867381309473,1.04867895202614
2.1442885771543088,208.12294937564286,208.43954921556625,0.013050755773500913,1.1296379018897615
2.124248496993988,206.17787508241253,209.02680983980096,0.11854558597119712,1.1419314853868363
2.104208416833667,204.23280078918222,206.57062546006486,0.09820449972821896,1.1706135155072868
2.084168336673346,202.2877264959519,203.3166832512025,0.04363877317660172,1.057201238711078
2.0641282565130266,200.34265220272167,200.38598297996768,0.0018555301002841386,0.9312852205259415
2.0440881763527057,198.39757790949133,200.90356846833336,0.10836474366263048,0.9746717928945444
2.024048096192385,196.452503616261,197.7923286760723,0.05851072399525022,1.1298070870943369
2.004008016032064,194.5074293230307,196.93721065347404,0.10717066858152953,0.8223111752836734
1.9839679358717432,192.56235502980036,192.73391681740728,0.007643532516380107,0.9960286967198314
1.9639278557114224,190.61728073657005,191.59196194683432,0.04386774067624027,0.8774590747911506
1.9438877755511026,188.6722064433398,190.13715918881377,0.06661325122989613,0.9363604913126552
1.9238476953907817,186.7271321501095,188.2315479462992,0.0691202660408016,1.119262768598991
1.9038076152304608,184.78205785687916,185.8944052232965,0.051644678109809626,0.9514641178046389
1.8837675350701402,182.83698356364886,184.81272464497167,0.09270665809699623,0.9249277739580063
1.8637274549098193,180.89190927041852,181.51982668069883,0.02978024906632571,0.7090064107564584
1.8436873747494984,178.9468349771882,180.31898742007252,0.06578445560576628,1.0198056748116577
1.8236472945891786,177.00176068395797,178.5875837641323,0.0768638424616755,0.9994341261034471
1.803607214428858,175.05668639072763,176.96084162770526,0.09331868092731617,1.2217054219248318
1.783567134268537,173.11161209749733,175.17601177651858,0.10230869039506628,0.8455188737492345
1.7635270541082162,171.166537804267,171.7639206639264,0.02994186408422496,0.9188900813824585
1.7434869739478955,169.2214635110367,169.49274192907612,0.013753231106427781,0.9176214032058069
1.7234468937875747,167.27638921780635,169.7980576090564,0.12932970075222364,1.110893444458108
1.7034068136272549,165.33131492457613,167.09713387498846,0.09162964349050644,0.853908916778778
1.683366733466934,163.3862406313458,164.2873434262259,0.04731553988849869,0.9038513912944622
1.6633266533066131,161.4411663381155,164.18138772822843,0.14561841814594464,0.946845626014365
1.6432865731462925,159.49609204488516,161.08682305378971,0.08556411129899316,0.8771845463728758
1.6232464929859716,157.55101775165483,159.9910223800794,0.13286615908789504,0.7756301951958475
1.6032064128256507,155.60594345842452,157.15438535173715,0.0853716499530919,0.8649818367422579
1.583166332665331,153.66086916519427,156.80124022444818,0.17533258036646227,0.9900582712164155
1.5631262525050102,151.71579487196396,154.6086721746397,0.16358525700032722,0.6680545043869404
1.5430861723446894,149.77072057873363,151.05647318720642,0.07365045567595338,0.8348697291623695
1.5230460921843685,147.82564628550332,150.08363492869364,0.13104393035446846,0.7026739105266435
1.5030060120240478,145.880571992273,147.87290268973288,0.11716797184114387,0.9795931647127114
1.482965931863727,143.93549769904266,146.5012226575652,0.15292804210889802,0.5643797809555883
1.4629258517034072,141.99042340581244,142.68358763806526,0.041881481309960875,0.7014198391349823
1.4428857715430863,140.04534911258213,142.05307205162094,0.12299289778081926,0.8341200134241505
1.4228456913827654,138.1002748193518,140.39917257461912,0.14281376110452268,1.0045279504014324
1.4028056112224447,136.15520052612146,136.19314343726046,0.0023907896000296613,0.7518801183603175
1.3827655310621239,134.21012623289116,134.70073268478512,0.03136121745206229,0.6703894554451927
1.362725450901803,132.26505193966082,132.06266330734707,-0.013127618647476446,1.0276543228290855
1.3426853707414832,130.3199776464306,131.52474105204192,0.07931141788843049,0.5199759596174365
1.3226452905811625,128.37490335320027,130.36002870842037,0.13266389689418423,0.39894160848624743
1.3026052104208417,126.42982905996995,129.03312301094905,0.17665201754098686,0.7862375898164575
1.2825651302605208,124.48475476673963,125.93527307488729,0.09996592525269606,0.6362899770825894
1.2625250501002,122.5396804735093,125.22317048474757,0.187874649279873,0.5496669666297094
1.2424849699398792,120.59460618027899,120.86000226156224,0.018880416291037257,0.8002515634025038
1.2224448897795595,118.64953188704875,118.64471126795634,-0.0003485633579000007,0.7216081941974284
1.2024048096192386,116.70445759381843,118.00584525484466,0.09566744680846381,0.5913614383890461
1.1823647294589177,114.75938330058811,116.39993852362286,0.12264436287881367,0.4747592614846866
1.162324649298597,112.81430900735779,114.1084739848563,0.09841706255274457,0.7884031544395292
1.1422845691382761,110.86923471412746,110.52216506097825,-0.026856569358290148,0.7456937302577819
1.1222444889779553,108.92416042089714,110.14586163293028,0.09622451415649243,0.6238169710479572
1.1022044088176346,106.97908612766682,107.21417573552426,0.018852957622206956,0.906120945170166
1.0821643286573137,105.0340118344365,106.83364272956817,0.1469936011719362,0.45894843843328775
1.0621242484969928,103.08893754120616,104.63090141210303,0.12832376040920024,0.3808733269442999
1.0420841683366742,101.14386324797604,101.62500711786205,0.04081129375988886,0.49606352650420477
1.0220440881763533,99.19878895474571,100.00468093663183,0.06969721232584043,0.5830676620418134
1.0020040080160324,97.25371466151539,97.6068480995652,0.03115140130385107,0.616372024461471
0.9819639278557116,95.30864036828507,96.4421066842618,0.10202844968931238,0.5335624917836392
0.9619238476953909,93.36356607505475,95.29398727970245,0.17738610238987124,0.6123458035243013
0.9418837675350701,91.41849178182443,91.77851442181387,0.033786305408769736,0.3615105368905749
0.9218436873747492,89.4734174885941,91.00715877768214,0.14706286646375383,0.7554260362966467
0.9018036072144284,87.52834319536377,88.21615248040828,0.06741620006638402,0.5160760914610026
0.8817635270541077,85.58326890213345,86.04211438929246,0.04599626182552184,0.6854496941556556
0.8617234468937869,83.63819460890313,84.62646601586191,0.10137165200698135,0.5586414149079065
0.841683366733466,81.6931203156728,81.91920429153627,0.02374265275468434,0.5650452574977178
0.8216432865731452,79.74804602244248,80.33942350330338,0.06361941560971297,0.5712210341573263
0.8016032064128263,77.80297172921235,77.8586292646406,0.006137234664202289,0.5420615487631418
0.7815631262525056,75.85789743598203,78.4229511524025,0.2900952425520782,0.56039031721315
0.7615230460921848,73.9128231427517,74.91327931467505,0.11612432976932577,0.6523604088783052
0.7414829659318639,71.96774884952139,72.3588506946295,0.04662264303531384,0.4714020012789802
0.7214428857715431,70.02267455629107,71.12305021495176,0.13481779608759986,0.5371430495650942
0.7014028056112224,68.07760026306073,68.8949190586418,0.10299880623827473,0.4061348591741037
0.6813627254509015,66.13252596983041,66.84060863694654,0.09185732536376096,0.6243513040528559
0.6613226452905807,64.18745167660009,65.54101578796922,0.1809146099777977,0.29555088944193475
0.6412825651302599,62.242377383369764,63.687689792478345,0.1992142966196561,0.6557660504341574
0.6212424849699391,60.297303090139444,60.68899488220933,0.055730318667687836,0.3681575238127438
0.6012024048096183,58.352228796909124,58.68417235672321,0.048803586818319776,0.1480639136355047
0.5811623246492975,56.4071545036788,56.955943804048985,0.08346730415020014,0.37033929559732265
0.5611222444889786,54.46208021044867,53.36534169059718,-0.17276422447921017,0.23735559973787101
0.5410821643286579,52.51700591721834,52.02536275698848,-0.08031468986594416,0.45394763324875154
0.5210420841683371,50.57193162398802,52.36140389279317,0.30357106471496337,0.2182450789942474
0.5010020040080162,48.626857330757694,50.614027858878465,0.35059351454836535,0.23745035092892236
0.4809619238476954,46.681783037527374,47.1287429347725,0.08214215001235803,0.00913936131307036
0.4609218436873746,44.73670874429705,45.81891289584469,0.2075344071945042,0.21287235025320647
0.4408817635270538,42.79163445106673,43.63614917682779,0.16931416576953062,-0.09475873755327746
0.420841683366733,40.8465601578364,43.87953035836267,0.6370266446687353,0.019301457882073825
0.4008016032064122,38.90148586460608,40.34116606218356,0.31750077127844534,0.3589734832993294
0.3807615230460914,36.95641157137576,37.372065144315336,0.09649096866570107,0.35076822851984846
0.36072144288577057,35.01133727814543,34.738681577015754,-0.06681143920842358,0.28466811380605617
0.3406813627254498,33.06626298491511,32.2465022387475,-0.21268993881201553,0.06372053191179422
0.3206412825651309,31.121188691684978,31.722815306811107,0.16585012650298506,0.18949577205798268
0.30060120240481014,29.176114398454654,28.983197782191766,-0.05672664855658732,0.18396751908770387
0.2805611222444893,27.231040105224334,26.478567459653593,-0.2370671781473919,-0.0014196178565697437
0.26052104208416854,25.28596581199401,25.127071477808233,-0.05391055568575698,0.38564564050448435
0.2404809619238477,23.340891518763687,22.806927335179637,-0.19626354100879123,0.2795165397728244
0.2204408817635269,21.395817225533364,23.049600922532214,0.6631240366167255,0.102521233123995
0.2004008016032061,19.45074293230304,20.43281658778953,0.43316445350170524,0.12743163442418315
0.18036072144288529,17.505668639072717,17.74864853216111,0.11907938315396105,0.14237019298583306
0.16032064128256449,15.560594345842395,16.966417951234124,0.7750854661971623,-0.2074504510410362
0.14028056112224369,13.615520052612071,13.871716879335045,0.16143007749160068,0.04941505645444135
0.12024048096192287,11.670445759381748,11.148087556009687,-0.3839953082357714,-0.028137326290848405
0.10020040080160207,9.725371466151424,11.082849469117862,1.197489035066133,-0.08842539372140576
0.08016032064128323,7.780297172921292,8.322665674232255,0.5980578798722715,0.007300399510171668
0.06012024048096242,5.835222879690969,5.088889841416083,-1.0972868158982265,0.30675868747348045
0.040080160320641614,3.890148586460646,3.793536206662838,-0.21306471459135054,0.12086672361706988
0.020040080160320807,1.945074293230323,1.272413764280645,-2.5,-0.07330575455705851
0.0,0.0,-1.106239784771469,-2.5,0.08588741720342379
